timestamp,isin,yahoo_symbol,period,total_return_pct,cagr_pct,vol_ann_pct,mdd_pct,ter_pct,benchmark_symbol,benchmark_name,tracking_diff_pct,sharpe_ratio,calmar_ratio
2025-09-03T23:28:41,IE00BGV5VN51,XAIX.DE,1y,20.526593,20.542007,23.320241,-27.612248,0.35,,,,0.871447,0.743945
2025-09-03T23:28:41,IE00BGV5VN51,XAIX.DE,3y,95.917227,25.173754,20.627796,-27.612248,0.35,,,,1.130547,0.911688
2025-09-03T23:28:41,IE00BGV5VN51,XAIX.DE,5y,146.38811,19.766311,20.259335,-33.080475,0.35,,,,0.932083,0.597522
2025-09-03T23:28:41,IE00BGV5VN51,XAIX.DE,max,201.63652,18.279832,21.218279,-33.080475,0.35,,,,0.843248,0.552587
2025-09-03T23:29:17,IE00B3RBWM25,VDEV.MI,1y,,,,,0.22,,,,,
2025-09-03T23:29:17,IE00B3RBWM25,VDEV.MI,3y,,,,,0.22,,,,,
2025-09-03T23:29:17,IE00B3RBWM25,VDEV.MI,5y,,,,,0.22,,,,,
2025-09-03T23:29:17,IE00B3RBWM25,VDEV.MI,max,,,,,0.22,,,,,
2025-09-04T11:26:05,IE00BMC38736,SMH.L,1y,21.97662,21.993218,33.007847,-31.707855,0.35,,"MVIS US Listed Semiconductor 10% Capped ESG. L'indice MVIS US Listed Semiconductor 10% Capped replica società di tutto il mondo che sono negoziate negli Stati Uniti a attive nell'industria dei semiconduttori. I titoli azionari inclusi sono filtrati a seconda dei criteri ESG (ambientali, sociali e di corporate governance). La ponderazione massima di una singola azienda nell'indice è limitata al 10%. &nbsp; L’indice di spesa complessiva (TER) dell'ETF è pari allo 0,35% annuo . Il VanEck Semiconductor UCITS ETF è l’unico ETF che replica l'indice MVIS US Listed Semiconductor 10% Capped ESG. L’ETF replica la performance dell’indice sottostante con replica fisica totale (acquistando tutti i componenti dello stesso). I dividendi dell'ETF sono accumulati e reinvestiti nell'ETF. &nbsp; L’ETF VanEck Semiconductor UCITS ETF è un ETF di dimensioni molto grandi con un patrimonio gestito pari a 2.305 mln di Euro . L’ETF è stato lanciato il 1 dicembre 2020 ed ha domicilio fiscale in Irlanda . Mostra di più Mostra di meno MVIS US Listed Semiconductor 10% Capped ESG (1) Azioni (1654) Globale (523) Informatica (65) Semiconduttori (6) Documenti Scheda informativa (IT) KID (IT) Relazione semestrale (EN) Prospetto (EN) Relazione annuale (EN) Mostra di più Grafico Notizie ed analisi sugli ETF La difesa dell'Europa &ndash; Dopo le “notizie di pace” Big tech ed energia nucleare &ndash; Ecco le mosse audaci che stanno compiendo Dal retail all’istituzionale: &ndash; L’ascesa del basis trading Ulteriori Notizie Articoli più popolari I migliori broker online per investire in ETF in Italia ETF: che cosa sono? Semplice spiegazione sugli ETF Come generare una rendita passiva con gli ETF da dividendo Nozioni di base Data Indice MVIS US Listed Semiconductor 10% Capped ESG",,0.734975,0.693621
2025-09-04T11:26:05,IE00BMC38736,SMH.L,3y,145.927671,35.007644,31.881063,-36.251794,0.35,,"MVIS US Listed Semiconductor 10% Capped ESG. L'indice MVIS US Listed Semiconductor 10% Capped replica società di tutto il mondo che sono negoziate negli Stati Uniti a attive nell'industria dei semiconduttori. I titoli azionari inclusi sono filtrati a seconda dei criteri ESG (ambientali, sociali e di corporate governance). La ponderazione massima di una singola azienda nell'indice è limitata al 10%. &nbsp; L’indice di spesa complessiva (TER) dell'ETF è pari allo 0,35% annuo . Il VanEck Semiconductor UCITS ETF è l’unico ETF che replica l'indice MVIS US Listed Semiconductor 10% Capped ESG. L’ETF replica la performance dell’indice sottostante con replica fisica totale (acquistando tutti i componenti dello stesso). I dividendi dell'ETF sono accumulati e reinvestiti nell'ETF. &nbsp; L’ETF VanEck Semiconductor UCITS ETF è un ETF di dimensioni molto grandi con un patrimonio gestito pari a 2.305 mln di Euro . L’ETF è stato lanciato il 1 dicembre 2020 ed ha domicilio fiscale in Irlanda . Mostra di più Mostra di meno MVIS US Listed Semiconductor 10% Capped ESG (1) Azioni (1654) Globale (523) Informatica (65) Semiconduttori (6) Documenti Scheda informativa (IT) KID (IT) Relazione semestrale (EN) Prospetto (EN) Relazione annuale (EN) Mostra di più Grafico Notizie ed analisi sugli ETF La difesa dell'Europa &ndash; Dopo le “notizie di pace” Big tech ed energia nucleare &ndash; Ecco le mosse audaci che stanno compiendo Dal retail all’istituzionale: &ndash; L’ascesa del basis trading Ulteriori Notizie Articoli più popolari I migliori broker online per investire in ETF in Italia ETF: che cosa sono? Semplice spiegazione sugli ETF Come generare una rendita passiva con gli ETF da dividendo Nozioni di base Data Indice MVIS US Listed Semiconductor 10% Capped ESG",,1.06833,0.96568
2025-09-04T11:26:05,IE00BMC38736,SMH.L,5y,141.15326,20.320866,31.751817,-45.379357,0.35,,"MVIS US Listed Semiconductor 10% Capped ESG. L'indice MVIS US Listed Semiconductor 10% Capped replica società di tutto il mondo che sono negoziate negli Stati Uniti a attive nell'industria dei semiconduttori. I titoli azionari inclusi sono filtrati a seconda dei criteri ESG (ambientali, sociali e di corporate governance). La ponderazione massima di una singola azienda nell'indice è limitata al 10%. &nbsp; L’indice di spesa complessiva (TER) dell'ETF è pari allo 0,35% annuo . Il VanEck Semiconductor UCITS ETF è l’unico ETF che replica l'indice MVIS US Listed Semiconductor 10% Capped ESG. L’ETF replica la performance dell’indice sottostante con replica fisica totale (acquistando tutti i componenti dello stesso). I dividendi dell'ETF sono accumulati e reinvestiti nell'ETF. &nbsp; L’ETF VanEck Semiconductor UCITS ETF è un ETF di dimensioni molto grandi con un patrimonio gestito pari a 2.305 mln di Euro . L’ETF è stato lanciato il 1 dicembre 2020 ed ha domicilio fiscale in Irlanda . Mostra di più Mostra di meno MVIS US Listed Semiconductor 10% Capped ESG (1) Azioni (1654) Globale (523) Informatica (65) Semiconduttori (6) Documenti Scheda informativa (IT) KID (IT) Relazione semestrale (EN) Prospetto (EN) Relazione annuale (EN) Mostra di più Grafico Notizie ed analisi sugli ETF La difesa dell'Europa &ndash; Dopo le “notizie di pace” Big tech ed energia nucleare &ndash; Ecco le mosse audaci che stanno compiendo Dal retail all’istituzionale: &ndash; L’ascesa del basis trading Ulteriori Notizie Articoli più popolari I migliori broker online per investire in ETF in Italia ETF: che cosa sono? Semplice spiegazione sugli ETF Come generare una rendita passiva con gli ETF da dividendo Nozioni di base Data Indice MVIS US Listed Semiconductor 10% Capped ESG",,0.710365,0.4478
2025-09-04T11:26:05,IE00BMC38736,SMH.L,max,141.15326,20.320866,31.751817,-45.379357,0.35,,"MVIS US Listed Semiconductor 10% Capped ESG. L'indice MVIS US Listed Semiconductor 10% Capped replica società di tutto il mondo che sono negoziate negli Stati Uniti a attive nell'industria dei semiconduttori. I titoli azionari inclusi sono filtrati a seconda dei criteri ESG (ambientali, sociali e di corporate governance). La ponderazione massima di una singola azienda nell'indice è limitata al 10%. &nbsp; L’indice di spesa complessiva (TER) dell'ETF è pari allo 0,35% annuo . Il VanEck Semiconductor UCITS ETF è l’unico ETF che replica l'indice MVIS US Listed Semiconductor 10% Capped ESG. L’ETF replica la performance dell’indice sottostante con replica fisica totale (acquistando tutti i componenti dello stesso). I dividendi dell'ETF sono accumulati e reinvestiti nell'ETF. &nbsp; L’ETF VanEck Semiconductor UCITS ETF è un ETF di dimensioni molto grandi con un patrimonio gestito pari a 2.305 mln di Euro . L’ETF è stato lanciato il 1 dicembre 2020 ed ha domicilio fiscale in Irlanda . Mostra di più Mostra di meno MVIS US Listed Semiconductor 10% Capped ESG (1) Azioni (1654) Globale (523) Informatica (65) Semiconduttori (6) Documenti Scheda informativa (IT) KID (IT) Relazione semestrale (EN) Prospetto (EN) Relazione annuale (EN) Mostra di più Grafico Notizie ed analisi sugli ETF La difesa dell'Europa &ndash; Dopo le “notizie di pace” Big tech ed energia nucleare &ndash; Ecco le mosse audaci che stanno compiendo Dal retail all’istituzionale: &ndash; L’ascesa del basis trading Ulteriori Notizie Articoli più popolari I migliori broker online per investire in ETF in Italia ETF: che cosa sono? Semplice spiegazione sugli ETF Come generare una rendita passiva con gli ETF da dividendo Nozioni di base Data Indice MVIS US Listed Semiconductor 10% Capped ESG",,0.710365,0.4478
2025-09-04T12:09:08,IE000YYE6WK5,DFEN.DE,1d,,,,,0.55,^GSPC,S&P 500 Index,,,
2025-09-04T12:09:08,IE000YYE6WK5,DFEN.DE,5d,0.242496,15.886431,12.12213,-0.809836,0.55,^GSPC,S&P 500 Index,1.246674,1.222066,19.616858
2025-09-04T12:09:08,IE000YYE6WK5,DFEN.DE,1mo,-0.790001,-8.921604,20.94741,-6.283078,0.55,^GSPC,S&P 500 Index,-1.849213,-0.36143,-1.419942
2025-09-04T12:09:08,IE000YYE6WK5,DFEN.DE,3mo,4.091912,17.259309,21.01764,-6.283078,0.55,^GSPC,S&P 500 Index,-3.054629,0.784985,2.746951
2025-09-04T12:09:08,IE000YYE6WK5,DFEN.DE,6mo,25.170321,56.151266,25.214967,-11.669222,0.55,^GSPC,S&P 500 Index,14.594963,1.82613,4.811912
2025-09-04T12:09:08,IE000YYE6WK5,DFEN.DE,1y,65.239836,65.296687,24.280182,-11.669222,0.55,^GSPC,S&P 500 Index,49.77411,2.141924,5.595633
2025-09-04T12:09:08,IE000YYE6WK5,DFEN.DE,3y,167.758836,50.291631,19.529745,-11.669222,0.55,^GSPC,S&P 500 Index,112.300426,2.127852,4.309767
2025-09-04T12:09:08,IE000YYE6WK5,DFEN.DE,5y,167.758836,50.291631,19.529745,-11.669222,0.55,^GSPC,S&P 500 Index,112.300426,2.127852,4.309767
2025-09-04T12:09:08,IE000YYE6WK5,DFEN.DE,10y,167.758836,50.291631,19.529745,-11.669222,0.55,^GSPC,S&P 500 Index,112.300426,2.127852,4.309767
2025-09-04T12:09:08,IE000YYE6WK5,DFEN.DE,ytd,39.830872,64.841829,25.212613,-11.669222,0.55,^GSPC,S&P 500 Index,31.094268,2.035509,5.556654
2025-09-04T12:09:08,IE000YYE6WK5,DFEN.DE,max,167.758836,50.291631,19.529745,-11.669222,0.55,^GSPC,S&P 500 Index,112.300426,2.127852,4.309767
2025-09-04T12:22:41,IE000M7V94E1,NUCL.SW,1d,,,,,0.55,,"MarketVector Global Uranium and Nuclear Energy Infrastructure. L'indice MarketVector Global Uranium and Nuclear Energy Infrastructure replica società di tutto il mondo che operano nei settori dell'estrazione dell'uranio e delle infrastrutture per l'energia nucleare. &nbsp; L’indice di spesa complessiva (TER) dell'ETF è pari allo 0,55% annuo . Il VanEck Uranium and Nuclear Technologies UCITS ETF A è l’unico ETF che replica l'indice MarketVector Global Uranium and Nuclear Energy Infrastructure. L’ETF replica la performance dell’indice sottostante con replica fisica totale (acquistando tutti i componenti dello stesso). I dividendi dell'ETF sono accumulati e reinvestiti nell'ETF. &nbsp; L’ETF VanEck Uranium and Nuclear Technologies UCITS ETF A è un ETF di grandi dimensioni con un patrimonio gestito pari a 864 mln di Euro . L’ETF è stato lanciato il 3 febbraio 2023 ed ha domicilio fiscale in Irlanda . Mostra di più Mostra di meno MarketVector Global Uranium and Nuclear Energy Infrastructure (1) Azioni (1654) Globale (523) Uranio (5) Documenti Scheda informativa (IT) KID (IT) Prospetto (EN) Relazione annuale (EN) Relazione semestrale (EN) Mostra di più Grafico Notizie ed analisi sugli ETF La difesa dell'Europa &ndash; Dopo le “notizie di pace” Big tech ed energia nucleare &ndash; Ecco le mosse audaci che stanno compiendo Dal retail all’istituzionale: &ndash; L’ascesa del basis trading Ulteriori Notizie Articoli più popolari I migliori broker online per investire in ETF in Italia ETF: che cosa sono? Semplice spiegazione sugli ETF Come generare una rendita passiva con gli ETF da dividendo Nozioni di base Data Indice MarketVector Global Uranium and Nuclear Energy Infrastructure",,,
2025-09-04T12:22:41,IE000M7V94E1,NUCL.SW,5d,2.225034,281.767115,32.302443,-1.740663,0.55,,"MarketVector Global Uranium and Nuclear Energy Infrastructure. L'indice MarketVector Global Uranium and Nuclear Energy Infrastructure replica società di tutto il mondo che operano nei settori dell'estrazione dell'uranio e delle infrastrutture per l'energia nucleare. &nbsp; L’indice di spesa complessiva (TER) dell'ETF è pari allo 0,55% annuo . Il VanEck Uranium and Nuclear Technologies UCITS ETF A è l’unico ETF che replica l'indice MarketVector Global Uranium and Nuclear Energy Infrastructure. L’ETF replica la performance dell’indice sottostante con replica fisica totale (acquistando tutti i componenti dello stesso). I dividendi dell'ETF sono accumulati e reinvestiti nell'ETF. &nbsp; L’ETF VanEck Uranium and Nuclear Technologies UCITS ETF A è un ETF di grandi dimensioni con un patrimonio gestito pari a 864 mln di Euro . L’ETF è stato lanciato il 3 febbraio 2023 ed ha domicilio fiscale in Irlanda . Mostra di più Mostra di meno MarketVector Global Uranium and Nuclear Energy Infrastructure (1) Azioni (1654) Globale (523) Uranio (5) Documenti Scheda informativa (IT) KID (IT) Prospetto (EN) Relazione annuale (EN) Relazione semestrale (EN) Mostra di più Grafico Notizie ed analisi sugli ETF La difesa dell'Europa &ndash; Dopo le “notizie di pace” Big tech ed energia nucleare &ndash; Ecco le mosse audaci che stanno compiendo Dal retail all’istituzionale: &ndash; L’ascesa del basis trading Ulteriori Notizie Articoli più popolari I migliori broker online per investire in ETF in Italia ETF: che cosa sono? Semplice spiegazione sugli ETF Come generare una rendita passiva con gli ETF da dividendo Nozioni di base Data Indice MarketVector Global Uranium and Nuclear Energy Infrastructure",,4.392905,161.873486
2025-09-04T12:22:41,IE000M7V94E1,NUCL.SW,1mo,4.241332,63.13658,33.772277,-10.738333,0.55,,"MarketVector Global Uranium and Nuclear Energy Infrastructure. L'indice MarketVector Global Uranium and Nuclear Energy Infrastructure replica società di tutto il mondo che operano nei settori dell'estrazione dell'uranio e delle infrastrutture per l'energia nucleare. &nbsp; L’indice di spesa complessiva (TER) dell'ETF è pari allo 0,55% annuo . Il VanEck Uranium and Nuclear Technologies UCITS ETF A è l’unico ETF che replica l'indice MarketVector Global Uranium and Nuclear Energy Infrastructure. L’ETF replica la performance dell’indice sottostante con replica fisica totale (acquistando tutti i componenti dello stesso). I dividendi dell'ETF sono accumulati e reinvestiti nell'ETF. &nbsp; L’ETF VanEck Uranium and Nuclear Technologies UCITS ETF A è un ETF di grandi dimensioni con un patrimonio gestito pari a 864 mln di Euro . L’ETF è stato lanciato il 3 febbraio 2023 ed ha domicilio fiscale in Irlanda . Mostra di più Mostra di meno MarketVector Global Uranium and Nuclear Energy Infrastructure (1) Azioni (1654) Globale (523) Uranio (5) Documenti Scheda informativa (IT) KID (IT) Prospetto (EN) Relazione annuale (EN) Relazione semestrale (EN) Mostra di più Grafico Notizie ed analisi sugli ETF La difesa dell'Europa &ndash; Dopo le “notizie di pace” Big tech ed energia nucleare &ndash; Ecco le mosse audaci che stanno compiendo Dal retail all’istituzionale: &ndash; L’ascesa del basis trading Ulteriori Notizie Articoli più popolari I migliori broker online per investire in ETF in Italia ETF: che cosa sono? Semplice spiegazione sugli ETF Come generare una rendita passiva con gli ETF da dividendo Nozioni di base Data Indice MarketVector Global Uranium and Nuclear Energy Infrastructure",,1.479824,5.879551
2025-09-04T12:22:41,IE000M7V94E1,NUCL.SW,3mo,25.170283,143.831882,34.835507,-10.738333,0.55,,"MarketVector Global Uranium and Nuclear Energy Infrastructure. L'indice MarketVector Global Uranium and Nuclear Energy Infrastructure replica società di tutto il mondo che operano nei settori dell'estrazione dell'uranio e delle infrastrutture per l'energia nucleare. &nbsp; L’indice di spesa complessiva (TER) dell'ETF è pari allo 0,55% annuo . Il VanEck Uranium and Nuclear Technologies UCITS ETF A è l’unico ETF che replica l'indice MarketVector Global Uranium and Nuclear Energy Infrastructure. L’ETF replica la performance dell’indice sottostante con replica fisica totale (acquistando tutti i componenti dello stesso). I dividendi dell'ETF sono accumulati e reinvestiti nell'ETF. &nbsp; L’ETF VanEck Uranium and Nuclear Technologies UCITS ETF A è un ETF di grandi dimensioni con un patrimonio gestito pari a 864 mln di Euro . L’ETF è stato lanciato il 3 febbraio 2023 ed ha domicilio fiscale in Irlanda . Mostra di più Mostra di meno MarketVector Global Uranium and Nuclear Energy Infrastructure (1) Azioni (1654) Globale (523) Uranio (5) Documenti Scheda informativa (IT) KID (IT) Prospetto (EN) Relazione annuale (EN) Relazione semestrale (EN) Mostra di più Grafico Notizie ed analisi sugli ETF La difesa dell'Europa &ndash; Dopo le “notizie di pace” Big tech ed energia nucleare &ndash; Ecco le mosse audaci che stanno compiendo Dal retail all’istituzionale: &ndash; L’ascesa del basis trading Ulteriori Notizie Articoli più popolari I migliori broker online per investire in ETF in Italia ETF: che cosa sono? Semplice spiegazione sugli ETF Come generare una rendita passiva con gli ETF da dividendo Nozioni di base Data Indice MarketVector Global Uranium and Nuclear Energy Infrastructure",,2.682052,13.394246
2025-09-04T12:22:41,IE000M7V94E1,NUCL.SW,6mo,58.3007,148.876718,43.134797,-24.488678,0.55,,"MarketVector Global Uranium and Nuclear Energy Infrastructure. L'indice MarketVector Global Uranium and Nuclear Energy Infrastructure replica società di tutto il mondo che operano nei settori dell'estrazione dell'uranio e delle infrastrutture per l'energia nucleare. &nbsp; L’indice di spesa complessiva (TER) dell'ETF è pari allo 0,55% annuo . Il VanEck Uranium and Nuclear Technologies UCITS ETF A è l’unico ETF che replica l'indice MarketVector Global Uranium and Nuclear Energy Infrastructure. L’ETF replica la performance dell’indice sottostante con replica fisica totale (acquistando tutti i componenti dello stesso). I dividendi dell'ETF sono accumulati e reinvestiti nell'ETF. &nbsp; L’ETF VanEck Uranium and Nuclear Technologies UCITS ETF A è un ETF di grandi dimensioni con un patrimonio gestito pari a 864 mln di Euro . L’ETF è stato lanciato il 3 febbraio 2023 ed ha domicilio fiscale in Irlanda . Mostra di più Mostra di meno MarketVector Global Uranium and Nuclear Energy Infrastructure (1) Azioni (1654) Globale (523) Uranio (5) Documenti Scheda informativa (IT) KID (IT) Prospetto (EN) Relazione annuale (EN) Relazione semestrale (EN) Mostra di più Grafico Notizie ed analisi sugli ETF La difesa dell'Europa &ndash; Dopo le “notizie di pace” Big tech ed energia nucleare &ndash; Ecco le mosse audaci che stanno compiendo Dal retail all’istituzionale: &ndash; L’ascesa del basis trading Ulteriori Notizie Articoli più popolari I migliori broker online per investire in ETF in Italia ETF: che cosa sono? Semplice spiegazione sugli ETF Come generare una rendita passiva con gli ETF da dividendo Nozioni di base Data Indice MarketVector Global Uranium and Nuclear Energy Infrastructure",,2.322733,6.07941
2025-09-04T12:22:41,IE000M7V94E1,NUCL.SW,1y,75.859072,75.927082,40.222065,-37.452733,0.55,,"MarketVector Global Uranium and Nuclear Energy Infrastructure. L'indice MarketVector Global Uranium and Nuclear Energy Infrastructure replica società di tutto il mondo che operano nei settori dell'estrazione dell'uranio e delle infrastrutture per l'energia nucleare. &nbsp; L’indice di spesa complessiva (TER) dell'ETF è pari allo 0,55% annuo . Il VanEck Uranium and Nuclear Technologies UCITS ETF A è l’unico ETF che replica l'indice MarketVector Global Uranium and Nuclear Energy Infrastructure. L’ETF replica la performance dell’indice sottostante con replica fisica totale (acquistando tutti i componenti dello stesso). I dividendi dell'ETF sono accumulati e reinvestiti nell'ETF. &nbsp; L’ETF VanEck Uranium and Nuclear Technologies UCITS ETF A è un ETF di grandi dimensioni con un patrimonio gestito pari a 864 mln di Euro . L’ETF è stato lanciato il 3 febbraio 2023 ed ha domicilio fiscale in Irlanda . Mostra di più Mostra di meno MarketVector Global Uranium and Nuclear Energy Infrastructure (1) Azioni (1654) Globale (523) Uranio (5) Documenti Scheda informativa (IT) KID (IT) Prospetto (EN) Relazione annuale (EN) Relazione semestrale (EN) Mostra di più Grafico Notizie ed analisi sugli ETF La difesa dell'Europa &ndash; Dopo le “notizie di pace” Big tech ed energia nucleare &ndash; Ecco le mosse audaci che stanno compiendo Dal retail all’istituzionale: &ndash; L’ascesa del basis trading Ulteriori Notizie Articoli più popolari I migliori broker online per investire in ETF in Italia ETF: che cosa sono? Semplice spiegazione sugli ETF Come generare una rendita passiva con gli ETF da dividendo Nozioni di base Data Indice MarketVector Global Uranium and Nuclear Energy Infrastructure",,1.59697,2.027277
2025-09-04T12:22:41,IE000M7V94E1,NUCL.SW,3y,152.246073,47.467723,33.078856,-37.452733,0.55,,"MarketVector Global Uranium and Nuclear Energy Infrastructure. L'indice MarketVector Global Uranium and Nuclear Energy Infrastructure replica società di tutto il mondo che operano nei settori dell'estrazione dell'uranio e delle infrastrutture per l'energia nucleare. &nbsp; L’indice di spesa complessiva (TER) dell'ETF è pari allo 0,55% annuo . Il VanEck Uranium and Nuclear Technologies UCITS ETF A è l’unico ETF che replica l'indice MarketVector Global Uranium and Nuclear Energy Infrastructure. L’ETF replica la performance dell’indice sottostante con replica fisica totale (acquistando tutti i componenti dello stesso). I dividendi dell'ETF sono accumulati e reinvestiti nell'ETF. &nbsp; L’ETF VanEck Uranium and Nuclear Technologies UCITS ETF A è un ETF di grandi dimensioni con un patrimonio gestito pari a 864 mln di Euro . L’ETF è stato lanciato il 3 febbraio 2023 ed ha domicilio fiscale in Irlanda . Mostra di più Mostra di meno MarketVector Global Uranium and Nuclear Energy Infrastructure (1) Azioni (1654) Globale (523) Uranio (5) Documenti Scheda informativa (IT) KID (IT) Prospetto (EN) Relazione annuale (EN) Relazione semestrale (EN) Mostra di più Grafico Notizie ed analisi sugli ETF La difesa dell'Europa &ndash; Dopo le “notizie di pace” Big tech ed energia nucleare &ndash; Ecco le mosse audaci che stanno compiendo Dal retail all’istituzionale: &ndash; L’ascesa del basis trading Ulteriori Notizie Articoli più popolari I migliori broker online per investire in ETF in Italia ETF: che cosa sono? Semplice spiegazione sugli ETF Come generare una rendita passiva con gli ETF da dividendo Nozioni di base Data Indice MarketVector Global Uranium and Nuclear Energy Infrastructure",,1.319117,1.267403
2025-09-04T12:22:41,IE000M7V94E1,NUCL.SW,5y,152.246073,47.467723,33.078856,-37.452733,0.55,,"MarketVector Global Uranium and Nuclear Energy Infrastructure. L'indice MarketVector Global Uranium and Nuclear Energy Infrastructure replica società di tutto il mondo che operano nei settori dell'estrazione dell'uranio e delle infrastrutture per l'energia nucleare. &nbsp; L’indice di spesa complessiva (TER) dell'ETF è pari allo 0,55% annuo . Il VanEck Uranium and Nuclear Technologies UCITS ETF A è l’unico ETF che replica l'indice MarketVector Global Uranium and Nuclear Energy Infrastructure. L’ETF replica la performance dell’indice sottostante con replica fisica totale (acquistando tutti i componenti dello stesso). I dividendi dell'ETF sono accumulati e reinvestiti nell'ETF. &nbsp; L’ETF VanEck Uranium and Nuclear Technologies UCITS ETF A è un ETF di grandi dimensioni con un patrimonio gestito pari a 864 mln di Euro . L’ETF è stato lanciato il 3 febbraio 2023 ed ha domicilio fiscale in Irlanda . Mostra di più Mostra di meno MarketVector Global Uranium and Nuclear Energy Infrastructure (1) Azioni (1654) Globale (523) Uranio (5) Documenti Scheda informativa (IT) KID (IT) Prospetto (EN) Relazione annuale (EN) Relazione semestrale (EN) Mostra di più Grafico Notizie ed analisi sugli ETF La difesa dell'Europa &ndash; Dopo le “notizie di pace” Big tech ed energia nucleare &ndash; Ecco le mosse audaci che stanno compiendo Dal retail all’istituzionale: &ndash; L’ascesa del basis trading Ulteriori Notizie Articoli più popolari I migliori broker online per investire in ETF in Italia ETF: che cosa sono? Semplice spiegazione sugli ETF Come generare una rendita passiva con gli ETF da dividendo Nozioni di base Data Indice MarketVector Global Uranium and Nuclear Energy Infrastructure",,1.319117,1.267403
2025-09-04T12:22:41,IE000M7V94E1,NUCL.SW,10y,152.246073,47.467723,33.078856,-37.452733,0.55,,"MarketVector Global Uranium and Nuclear Energy Infrastructure. L'indice MarketVector Global Uranium and Nuclear Energy Infrastructure replica società di tutto il mondo che operano nei settori dell'estrazione dell'uranio e delle infrastrutture per l'energia nucleare. &nbsp; L’indice di spesa complessiva (TER) dell'ETF è pari allo 0,55% annuo . Il VanEck Uranium and Nuclear Technologies UCITS ETF A è l’unico ETF che replica l'indice MarketVector Global Uranium and Nuclear Energy Infrastructure. L’ETF replica la performance dell’indice sottostante con replica fisica totale (acquistando tutti i componenti dello stesso). I dividendi dell'ETF sono accumulati e reinvestiti nell'ETF. &nbsp; L’ETF VanEck Uranium and Nuclear Technologies UCITS ETF A è un ETF di grandi dimensioni con un patrimonio gestito pari a 864 mln di Euro . L’ETF è stato lanciato il 3 febbraio 2023 ed ha domicilio fiscale in Irlanda . Mostra di più Mostra di meno MarketVector Global Uranium and Nuclear Energy Infrastructure (1) Azioni (1654) Globale (523) Uranio (5) Documenti Scheda informativa (IT) KID (IT) Prospetto (EN) Relazione annuale (EN) Relazione semestrale (EN) Mostra di più Grafico Notizie ed analisi sugli ETF La difesa dell'Europa &ndash; Dopo le “notizie di pace” Big tech ed energia nucleare &ndash; Ecco le mosse audaci che stanno compiendo Dal retail all’istituzionale: &ndash; L’ascesa del basis trading Ulteriori Notizie Articoli più popolari I migliori broker online per investire in ETF in Italia ETF: che cosa sono? Semplice spiegazione sugli ETF Come generare una rendita passiva con gli ETF da dividendo Nozioni di base Data Indice MarketVector Global Uranium and Nuclear Energy Infrastructure",,1.319117,1.267403
2025-09-04T12:22:41,IE000M7V94E1,NUCL.SW,ytd,34.452946,55.761559,42.560548,-36.384618,0.55,,"MarketVector Global Uranium and Nuclear Energy Infrastructure. L'indice MarketVector Global Uranium and Nuclear Energy Infrastructure replica società di tutto il mondo che operano nei settori dell'estrazione dell'uranio e delle infrastrutture per l'energia nucleare. &nbsp; L’indice di spesa complessiva (TER) dell'ETF è pari allo 0,55% annuo . Il VanEck Uranium and Nuclear Technologies UCITS ETF A è l’unico ETF che replica l'indice MarketVector Global Uranium and Nuclear Energy Infrastructure. L’ETF replica la performance dell’indice sottostante con replica fisica totale (acquistando tutti i componenti dello stesso). I dividendi dell'ETF sono accumulati e reinvestiti nell'ETF. &nbsp; L’ETF VanEck Uranium and Nuclear Technologies UCITS ETF A è un ETF di grandi dimensioni con un patrimonio gestito pari a 864 mln di Euro . L’ETF è stato lanciato il 3 febbraio 2023 ed ha domicilio fiscale in Irlanda . Mostra di più Mostra di meno MarketVector Global Uranium and Nuclear Energy Infrastructure (1) Azioni (1654) Globale (523) Uranio (5) Documenti Scheda informativa (IT) KID (IT) Prospetto (EN) Relazione annuale (EN) Relazione semestrale (EN) Mostra di più Grafico Notizie ed analisi sugli ETF La difesa dell'Europa &ndash; Dopo le “notizie di pace” Big tech ed energia nucleare &ndash; Ecco le mosse audaci che stanno compiendo Dal retail all’istituzionale: &ndash; L’ascesa del basis trading Ulteriori Notizie Articoli più popolari I migliori broker online per investire in ETF in Italia ETF: che cosa sono? Semplice spiegazione sugli ETF Come generare una rendita passiva con gli ETF da dividendo Nozioni di base Data Indice MarketVector Global Uranium and Nuclear Energy Infrastructure",,1.232053,1.532559
2025-09-04T12:22:41,IE000M7V94E1,NUCL.SW,max,152.246073,47.467723,33.078856,-37.452733,0.55,,"MarketVector Global Uranium and Nuclear Energy Infrastructure. L'indice MarketVector Global Uranium and Nuclear Energy Infrastructure replica società di tutto il mondo che operano nei settori dell'estrazione dell'uranio e delle infrastrutture per l'energia nucleare. &nbsp; L’indice di spesa complessiva (TER) dell'ETF è pari allo 0,55% annuo . Il VanEck Uranium and Nuclear Technologies UCITS ETF A è l’unico ETF che replica l'indice MarketVector Global Uranium and Nuclear Energy Infrastructure. L’ETF replica la performance dell’indice sottostante con replica fisica totale (acquistando tutti i componenti dello stesso). I dividendi dell'ETF sono accumulati e reinvestiti nell'ETF. &nbsp; L’ETF VanEck Uranium and Nuclear Technologies UCITS ETF A è un ETF di grandi dimensioni con un patrimonio gestito pari a 864 mln di Euro . L’ETF è stato lanciato il 3 febbraio 2023 ed ha domicilio fiscale in Irlanda . Mostra di più Mostra di meno MarketVector Global Uranium and Nuclear Energy Infrastructure (1) Azioni (1654) Globale (523) Uranio (5) Documenti Scheda informativa (IT) KID (IT) Prospetto (EN) Relazione annuale (EN) Relazione semestrale (EN) Mostra di più Grafico Notizie ed analisi sugli ETF La difesa dell'Europa &ndash; Dopo le “notizie di pace” Big tech ed energia nucleare &ndash; Ecco le mosse audaci che stanno compiendo Dal retail all’istituzionale: &ndash; L’ascesa del basis trading Ulteriori Notizie Articoli più popolari I migliori broker online per investire in ETF in Italia ETF: che cosa sono? Semplice spiegazione sugli ETF Come generare una rendita passiva con gli ETF da dividendo Nozioni di base Data Indice MarketVector Global Uranium and Nuclear Energy Infrastructure",,1.319117,1.267403
2025-09-04T12:23:51,IE000NDWFGA5,IE000NDWFGA5.SG,1d,,,,,0.65,,"Solactive Global Uranium & Nuclear Components. L'indice Solactive Global Uranium & Nuclear Components replica società globali attive nell'esplorazione, estrazione e/o raffinazione dell'uranio. &nbsp; L’indice di spesa complessiva (TER) dell'ETF è pari allo 0,65% annuo . Il Global X Uranium UCITS ETF USD Accumulating è l’unico ETF che replica l'indice Solactive Global Uranium & Nuclear Components. L’ETF replica la performance dell’indice sottostante con replica fisica totale (acquistando tutti i componenti dello stesso). I dividendi dell'ETF sono accumulati e reinvestiti nell'ETF. &nbsp; L’ETF Global X Uranium UCITS ETF USD Accumulating gestisce un patrimonio pari a 270 mln di Euro . L’ETF è stato lanciato il 20 aprile 2022 ed ha domicilio fiscale in Irlanda . Mostra di più Mostra di meno Solactive Global Uranium &amp; Nuclear Components (1) Azioni (1654) Globale (523) Uranio (5) Documenti KID (IT) Prospetto (EN) Relazione annuale (EN) Relazione semestrale (EN) Mostra di più Grafico Notizie ed analisi sugli ETF La difesa dell'Europa &ndash; Dopo le “notizie di pace” Big tech ed energia nucleare &ndash; Ecco le mosse audaci che stanno compiendo Dal retail all’istituzionale: &ndash; L’ascesa del basis trading Ulteriori Notizie Articoli più popolari I migliori broker online per investire in ETF in Italia ETF: che cosa sono? Semplice spiegazione sugli ETF Come generare una rendita passiva con gli ETF da dividendo Nozioni di base Data Indice Solactive Global Uranium &amp; Nuclear Components",,,
2025-09-04T12:23:51,IE000NDWFGA5,IE000NDWFGA5.SG,5d,,,,,0.65,,"Solactive Global Uranium & Nuclear Components. L'indice Solactive Global Uranium & Nuclear Components replica società globali attive nell'esplorazione, estrazione e/o raffinazione dell'uranio. &nbsp; L’indice di spesa complessiva (TER) dell'ETF è pari allo 0,65% annuo . Il Global X Uranium UCITS ETF USD Accumulating è l’unico ETF che replica l'indice Solactive Global Uranium & Nuclear Components. L’ETF replica la performance dell’indice sottostante con replica fisica totale (acquistando tutti i componenti dello stesso). I dividendi dell'ETF sono accumulati e reinvestiti nell'ETF. &nbsp; L’ETF Global X Uranium UCITS ETF USD Accumulating gestisce un patrimonio pari a 270 mln di Euro . L’ETF è stato lanciato il 20 aprile 2022 ed ha domicilio fiscale in Irlanda . Mostra di più Mostra di meno Solactive Global Uranium &amp; Nuclear Components (1) Azioni (1654) Globale (523) Uranio (5) Documenti KID (IT) Prospetto (EN) Relazione annuale (EN) Relazione semestrale (EN) Mostra di più Grafico Notizie ed analisi sugli ETF La difesa dell'Europa &ndash; Dopo le “notizie di pace” Big tech ed energia nucleare &ndash; Ecco le mosse audaci che stanno compiendo Dal retail all’istituzionale: &ndash; L’ascesa del basis trading Ulteriori Notizie Articoli più popolari I migliori broker online per investire in ETF in Italia ETF: che cosa sono? Semplice spiegazione sugli ETF Come generare una rendita passiva con gli ETF da dividendo Nozioni di base Data Indice Solactive Global Uranium &amp; Nuclear Components",,,
2025-09-04T12:23:51,IE000NDWFGA5,IE000NDWFGA5.SG,1mo,,,,,0.65,,"Solactive Global Uranium & Nuclear Components. L'indice Solactive Global Uranium & Nuclear Components replica società globali attive nell'esplorazione, estrazione e/o raffinazione dell'uranio. &nbsp; L’indice di spesa complessiva (TER) dell'ETF è pari allo 0,65% annuo . Il Global X Uranium UCITS ETF USD Accumulating è l’unico ETF che replica l'indice Solactive Global Uranium & Nuclear Components. L’ETF replica la performance dell’indice sottostante con replica fisica totale (acquistando tutti i componenti dello stesso). I dividendi dell'ETF sono accumulati e reinvestiti nell'ETF. &nbsp; L’ETF Global X Uranium UCITS ETF USD Accumulating gestisce un patrimonio pari a 270 mln di Euro . L’ETF è stato lanciato il 20 aprile 2022 ed ha domicilio fiscale in Irlanda . Mostra di più Mostra di meno Solactive Global Uranium &amp; Nuclear Components (1) Azioni (1654) Globale (523) Uranio (5) Documenti KID (IT) Prospetto (EN) Relazione annuale (EN) Relazione semestrale (EN) Mostra di più Grafico Notizie ed analisi sugli ETF La difesa dell'Europa &ndash; Dopo le “notizie di pace” Big tech ed energia nucleare &ndash; Ecco le mosse audaci che stanno compiendo Dal retail all’istituzionale: &ndash; L’ascesa del basis trading Ulteriori Notizie Articoli più popolari I migliori broker online per investire in ETF in Italia ETF: che cosa sono? Semplice spiegazione sugli ETF Come generare una rendita passiva con gli ETF da dividendo Nozioni di base Data Indice Solactive Global Uranium &amp; Nuclear Components",,,
2025-09-04T12:23:51,IE000NDWFGA5,IE000NDWFGA5.SG,3mo,,,,,0.65,,"Solactive Global Uranium & Nuclear Components. L'indice Solactive Global Uranium & Nuclear Components replica società globali attive nell'esplorazione, estrazione e/o raffinazione dell'uranio. &nbsp; L’indice di spesa complessiva (TER) dell'ETF è pari allo 0,65% annuo . Il Global X Uranium UCITS ETF USD Accumulating è l’unico ETF che replica l'indice Solactive Global Uranium & Nuclear Components. L’ETF replica la performance dell’indice sottostante con replica fisica totale (acquistando tutti i componenti dello stesso). I dividendi dell'ETF sono accumulati e reinvestiti nell'ETF. &nbsp; L’ETF Global X Uranium UCITS ETF USD Accumulating gestisce un patrimonio pari a 270 mln di Euro . L’ETF è stato lanciato il 20 aprile 2022 ed ha domicilio fiscale in Irlanda . Mostra di più Mostra di meno Solactive Global Uranium &amp; Nuclear Components (1) Azioni (1654) Globale (523) Uranio (5) Documenti KID (IT) Prospetto (EN) Relazione annuale (EN) Relazione semestrale (EN) Mostra di più Grafico Notizie ed analisi sugli ETF La difesa dell'Europa &ndash; Dopo le “notizie di pace” Big tech ed energia nucleare &ndash; Ecco le mosse audaci che stanno compiendo Dal retail all’istituzionale: &ndash; L’ascesa del basis trading Ulteriori Notizie Articoli più popolari I migliori broker online per investire in ETF in Italia ETF: che cosa sono? Semplice spiegazione sugli ETF Come generare una rendita passiva con gli ETF da dividendo Nozioni di base Data Indice Solactive Global Uranium &amp; Nuclear Components",,,
2025-09-04T12:23:51,IE000NDWFGA5,IE000NDWFGA5.SG,6mo,,,,,0.65,,"Solactive Global Uranium & Nuclear Components. L'indice Solactive Global Uranium & Nuclear Components replica società globali attive nell'esplorazione, estrazione e/o raffinazione dell'uranio. &nbsp; L’indice di spesa complessiva (TER) dell'ETF è pari allo 0,65% annuo . Il Global X Uranium UCITS ETF USD Accumulating è l’unico ETF che replica l'indice Solactive Global Uranium & Nuclear Components. L’ETF replica la performance dell’indice sottostante con replica fisica totale (acquistando tutti i componenti dello stesso). I dividendi dell'ETF sono accumulati e reinvestiti nell'ETF. &nbsp; L’ETF Global X Uranium UCITS ETF USD Accumulating gestisce un patrimonio pari a 270 mln di Euro . L’ETF è stato lanciato il 20 aprile 2022 ed ha domicilio fiscale in Irlanda . Mostra di più Mostra di meno Solactive Global Uranium &amp; Nuclear Components (1) Azioni (1654) Globale (523) Uranio (5) Documenti KID (IT) Prospetto (EN) Relazione annuale (EN) Relazione semestrale (EN) Mostra di più Grafico Notizie ed analisi sugli ETF La difesa dell'Europa &ndash; Dopo le “notizie di pace” Big tech ed energia nucleare &ndash; Ecco le mosse audaci che stanno compiendo Dal retail all’istituzionale: &ndash; L’ascesa del basis trading Ulteriori Notizie Articoli più popolari I migliori broker online per investire in ETF in Italia ETF: che cosa sono? Semplice spiegazione sugli ETF Come generare una rendita passiva con gli ETF da dividendo Nozioni di base Data Indice Solactive Global Uranium &amp; Nuclear Components",,,
2025-09-04T12:23:51,IE000NDWFGA5,IE000NDWFGA5.SG,1y,,,,,0.65,,"Solactive Global Uranium & Nuclear Components. L'indice Solactive Global Uranium & Nuclear Components replica società globali attive nell'esplorazione, estrazione e/o raffinazione dell'uranio. &nbsp; L’indice di spesa complessiva (TER) dell'ETF è pari allo 0,65% annuo . Il Global X Uranium UCITS ETF USD Accumulating è l’unico ETF che replica l'indice Solactive Global Uranium & Nuclear Components. L’ETF replica la performance dell’indice sottostante con replica fisica totale (acquistando tutti i componenti dello stesso). I dividendi dell'ETF sono accumulati e reinvestiti nell'ETF. &nbsp; L’ETF Global X Uranium UCITS ETF USD Accumulating gestisce un patrimonio pari a 270 mln di Euro . L’ETF è stato lanciato il 20 aprile 2022 ed ha domicilio fiscale in Irlanda . Mostra di più Mostra di meno Solactive Global Uranium &amp; Nuclear Components (1) Azioni (1654) Globale (523) Uranio (5) Documenti KID (IT) Prospetto (EN) Relazione annuale (EN) Relazione semestrale (EN) Mostra di più Grafico Notizie ed analisi sugli ETF La difesa dell'Europa &ndash; Dopo le “notizie di pace” Big tech ed energia nucleare &ndash; Ecco le mosse audaci che stanno compiendo Dal retail all’istituzionale: &ndash; L’ascesa del basis trading Ulteriori Notizie Articoli più popolari I migliori broker online per investire in ETF in Italia ETF: che cosa sono? Semplice spiegazione sugli ETF Come generare una rendita passiva con gli ETF da dividendo Nozioni di base Data Indice Solactive Global Uranium &amp; Nuclear Components",,,
2025-09-04T12:23:51,IE000NDWFGA5,IE000NDWFGA5.SG,3y,,,,,0.65,,"Solactive Global Uranium & Nuclear Components. L'indice Solactive Global Uranium & Nuclear Components replica società globali attive nell'esplorazione, estrazione e/o raffinazione dell'uranio. &nbsp; L’indice di spesa complessiva (TER) dell'ETF è pari allo 0,65% annuo . Il Global X Uranium UCITS ETF USD Accumulating è l’unico ETF che replica l'indice Solactive Global Uranium & Nuclear Components. L’ETF replica la performance dell’indice sottostante con replica fisica totale (acquistando tutti i componenti dello stesso). I dividendi dell'ETF sono accumulati e reinvestiti nell'ETF. &nbsp; L’ETF Global X Uranium UCITS ETF USD Accumulating gestisce un patrimonio pari a 270 mln di Euro . L’ETF è stato lanciato il 20 aprile 2022 ed ha domicilio fiscale in Irlanda . Mostra di più Mostra di meno Solactive Global Uranium &amp; Nuclear Components (1) Azioni (1654) Globale (523) Uranio (5) Documenti KID (IT) Prospetto (EN) Relazione annuale (EN) Relazione semestrale (EN) Mostra di più Grafico Notizie ed analisi sugli ETF La difesa dell'Europa &ndash; Dopo le “notizie di pace” Big tech ed energia nucleare &ndash; Ecco le mosse audaci che stanno compiendo Dal retail all’istituzionale: &ndash; L’ascesa del basis trading Ulteriori Notizie Articoli più popolari I migliori broker online per investire in ETF in Italia ETF: che cosa sono? Semplice spiegazione sugli ETF Come generare una rendita passiva con gli ETF da dividendo Nozioni di base Data Indice Solactive Global Uranium &amp; Nuclear Components",,,
2025-09-04T12:23:51,IE000NDWFGA5,IE000NDWFGA5.SG,5y,,,,,0.65,,"Solactive Global Uranium & Nuclear Components. L'indice Solactive Global Uranium & Nuclear Components replica società globali attive nell'esplorazione, estrazione e/o raffinazione dell'uranio. &nbsp; L’indice di spesa complessiva (TER) dell'ETF è pari allo 0,65% annuo . Il Global X Uranium UCITS ETF USD Accumulating è l’unico ETF che replica l'indice Solactive Global Uranium & Nuclear Components. L’ETF replica la performance dell’indice sottostante con replica fisica totale (acquistando tutti i componenti dello stesso). I dividendi dell'ETF sono accumulati e reinvestiti nell'ETF. &nbsp; L’ETF Global X Uranium UCITS ETF USD Accumulating gestisce un patrimonio pari a 270 mln di Euro . L’ETF è stato lanciato il 20 aprile 2022 ed ha domicilio fiscale in Irlanda . Mostra di più Mostra di meno Solactive Global Uranium &amp; Nuclear Components (1) Azioni (1654) Globale (523) Uranio (5) Documenti KID (IT) Prospetto (EN) Relazione annuale (EN) Relazione semestrale (EN) Mostra di più Grafico Notizie ed analisi sugli ETF La difesa dell'Europa &ndash; Dopo le “notizie di pace” Big tech ed energia nucleare &ndash; Ecco le mosse audaci che stanno compiendo Dal retail all’istituzionale: &ndash; L’ascesa del basis trading Ulteriori Notizie Articoli più popolari I migliori broker online per investire in ETF in Italia ETF: che cosa sono? Semplice spiegazione sugli ETF Come generare una rendita passiva con gli ETF da dividendo Nozioni di base Data Indice Solactive Global Uranium &amp; Nuclear Components",,,
2025-09-04T12:23:51,IE000NDWFGA5,IE000NDWFGA5.SG,10y,,,,,0.65,,"Solactive Global Uranium & Nuclear Components. L'indice Solactive Global Uranium & Nuclear Components replica società globali attive nell'esplorazione, estrazione e/o raffinazione dell'uranio. &nbsp; L’indice di spesa complessiva (TER) dell'ETF è pari allo 0,65% annuo . Il Global X Uranium UCITS ETF USD Accumulating è l’unico ETF che replica l'indice Solactive Global Uranium & Nuclear Components. L’ETF replica la performance dell’indice sottostante con replica fisica totale (acquistando tutti i componenti dello stesso). I dividendi dell'ETF sono accumulati e reinvestiti nell'ETF. &nbsp; L’ETF Global X Uranium UCITS ETF USD Accumulating gestisce un patrimonio pari a 270 mln di Euro . L’ETF è stato lanciato il 20 aprile 2022 ed ha domicilio fiscale in Irlanda . Mostra di più Mostra di meno Solactive Global Uranium &amp; Nuclear Components (1) Azioni (1654) Globale (523) Uranio (5) Documenti KID (IT) Prospetto (EN) Relazione annuale (EN) Relazione semestrale (EN) Mostra di più Grafico Notizie ed analisi sugli ETF La difesa dell'Europa &ndash; Dopo le “notizie di pace” Big tech ed energia nucleare &ndash; Ecco le mosse audaci che stanno compiendo Dal retail all’istituzionale: &ndash; L’ascesa del basis trading Ulteriori Notizie Articoli più popolari I migliori broker online per investire in ETF in Italia ETF: che cosa sono? Semplice spiegazione sugli ETF Come generare una rendita passiva con gli ETF da dividendo Nozioni di base Data Indice Solactive Global Uranium &amp; Nuclear Components",,,
2025-09-04T12:23:51,IE000NDWFGA5,IE000NDWFGA5.SG,ytd,,,,,0.65,,"Solactive Global Uranium & Nuclear Components. L'indice Solactive Global Uranium & Nuclear Components replica società globali attive nell'esplorazione, estrazione e/o raffinazione dell'uranio. &nbsp; L’indice di spesa complessiva (TER) dell'ETF è pari allo 0,65% annuo . Il Global X Uranium UCITS ETF USD Accumulating è l’unico ETF che replica l'indice Solactive Global Uranium & Nuclear Components. L’ETF replica la performance dell’indice sottostante con replica fisica totale (acquistando tutti i componenti dello stesso). I dividendi dell'ETF sono accumulati e reinvestiti nell'ETF. &nbsp; L’ETF Global X Uranium UCITS ETF USD Accumulating gestisce un patrimonio pari a 270 mln di Euro . L’ETF è stato lanciato il 20 aprile 2022 ed ha domicilio fiscale in Irlanda . Mostra di più Mostra di meno Solactive Global Uranium &amp; Nuclear Components (1) Azioni (1654) Globale (523) Uranio (5) Documenti KID (IT) Prospetto (EN) Relazione annuale (EN) Relazione semestrale (EN) Mostra di più Grafico Notizie ed analisi sugli ETF La difesa dell'Europa &ndash; Dopo le “notizie di pace” Big tech ed energia nucleare &ndash; Ecco le mosse audaci che stanno compiendo Dal retail all’istituzionale: &ndash; L’ascesa del basis trading Ulteriori Notizie Articoli più popolari I migliori broker online per investire in ETF in Italia ETF: che cosa sono? Semplice spiegazione sugli ETF Come generare una rendita passiva con gli ETF da dividendo Nozioni di base Data Indice Solactive Global Uranium &amp; Nuclear Components",,,
2025-09-04T12:23:51,IE000NDWFGA5,IE000NDWFGA5.SG,max,,,,,0.65,,"Solactive Global Uranium & Nuclear Components. L'indice Solactive Global Uranium & Nuclear Components replica società globali attive nell'esplorazione, estrazione e/o raffinazione dell'uranio. &nbsp; L’indice di spesa complessiva (TER) dell'ETF è pari allo 0,65% annuo . Il Global X Uranium UCITS ETF USD Accumulating è l’unico ETF che replica l'indice Solactive Global Uranium & Nuclear Components. L’ETF replica la performance dell’indice sottostante con replica fisica totale (acquistando tutti i componenti dello stesso). I dividendi dell'ETF sono accumulati e reinvestiti nell'ETF. &nbsp; L’ETF Global X Uranium UCITS ETF USD Accumulating gestisce un patrimonio pari a 270 mln di Euro . L’ETF è stato lanciato il 20 aprile 2022 ed ha domicilio fiscale in Irlanda . Mostra di più Mostra di meno Solactive Global Uranium &amp; Nuclear Components (1) Azioni (1654) Globale (523) Uranio (5) Documenti KID (IT) Prospetto (EN) Relazione annuale (EN) Relazione semestrale (EN) Mostra di più Grafico Notizie ed analisi sugli ETF La difesa dell'Europa &ndash; Dopo le “notizie di pace” Big tech ed energia nucleare &ndash; Ecco le mosse audaci che stanno compiendo Dal retail all’istituzionale: &ndash; L’ascesa del basis trading Ulteriori Notizie Articoli più popolari I migliori broker online per investire in ETF in Italia ETF: che cosa sono? Semplice spiegazione sugli ETF Come generare una rendita passiva con gli ETF da dividendo Nozioni di base Data Indice Solactive Global Uranium &amp; Nuclear Components",,,
2025-09-04T12:59:39,IE000U58J0M1,^GSPC,1d,,,,,0.65,VWCE,"S&P Global Clean Energy Transition. L'indice S&P Global Clean Energy Transition replica i 30 titoli azionari più grandi e liquidi di tutto il mondo che sono impegnati nell'economia delle energie pulite. &nbsp; L’indice di spesa complessiva (TER) dell'ETF è pari allo 0,65% annuo . Il iShares Global Clean Energy Transition UCITS ETF USD (Acc) è l’ETF più economico che replica l'indice S&P Global Clean Energy Transition. L’ETF replica la performance dell’indice sottostante con replica fisica totale (acquistando tutti i componenti dello stesso). I dividendi dell'ETF sono accumulati e reinvestiti nell'ETF. &nbsp; L’ETF iShares Global Clean Energy Transition UCITS ETF USD (Acc) gestisce un patrimonio pari a 180 mln di Euro . L’ETF è stato lanciato il 23 febbraio 2022 ed ha domicilio fiscale in Irlanda . Mostra di più Mostra di meno S&amp;P Global Clean Energy Transition (2) Azioni (1654) Globale (523) Servizi di pubblica utilità (13) Energia pulita (20) Documenti Scheda informativa (IT) KID (IT) Prospetto (EN) Relazione annuale (EN) Relazione semestrale (EN) Mostra di più Grafico Notizie ed analisi sugli ETF La difesa dell'Europa &ndash; Dopo le “notizie di pace” Big tech ed energia nucleare &ndash; Ecco le mosse audaci che stanno compiendo Dal retail all’istituzionale: &ndash; L’ascesa del basis trading Ulteriori Notizie Articoli più popolari I migliori broker online per investire in ETF in Italia ETF: che cosa sono? Semplice spiegazione sugli ETF Come generare una rendita passiva con gli ETF da dividendo Nozioni di base Data Indice S&amp;P Global Clean Energy Transition",,,
2025-09-04T12:59:39,IE000U58J0M1,^GSPC,5d,-0.511311,-23.46939,9.973612,-1.327617,0.65,VWCE,"S&P Global Clean Energy Transition. L'indice S&P Global Clean Energy Transition replica i 30 titoli azionari più grandi e liquidi di tutto il mondo che sono impegnati nell'economia delle energie pulite. &nbsp; L’indice di spesa complessiva (TER) dell'ETF è pari allo 0,65% annuo . Il iShares Global Clean Energy Transition UCITS ETF USD (Acc) è l’ETF più economico che replica l'indice S&P Global Clean Energy Transition. L’ETF replica la performance dell’indice sottostante con replica fisica totale (acquistando tutti i componenti dello stesso). I dividendi dell'ETF sono accumulati e reinvestiti nell'ETF. &nbsp; L’ETF iShares Global Clean Energy Transition UCITS ETF USD (Acc) gestisce un patrimonio pari a 180 mln di Euro . L’ETF è stato lanciato il 23 febbraio 2022 ed ha domicilio fiscale in Irlanda . Mostra di più Mostra di meno S&amp;P Global Clean Energy Transition (2) Azioni (1654) Globale (523) Servizi di pubblica utilità (13) Energia pulita (20) Documenti Scheda informativa (IT) KID (IT) Prospetto (EN) Relazione annuale (EN) Relazione semestrale (EN) Mostra di più Grafico Notizie ed analisi sugli ETF La difesa dell'Europa &ndash; Dopo le “notizie di pace” Big tech ed energia nucleare &ndash; Ecco le mosse audaci che stanno compiendo Dal retail all’istituzionale: &ndash; L’ascesa del basis trading Ulteriori Notizie Articoli più popolari I migliori broker online per investire in ETF in Italia ETF: che cosa sono? Semplice spiegazione sugli ETF Come generare una rendita passiva con gli ETF da dividendo Nozioni di base Data Indice S&amp;P Global Clean Energy Transition",,-3.298818,-17.677826
2025-09-04T12:59:39,IE000U58J0M1,^GSPC,1mo,1.869209,25.291825,9.575852,-1.520747,0.65,VWCE,"S&P Global Clean Energy Transition. L'indice S&P Global Clean Energy Transition replica i 30 titoli azionari più grandi e liquidi di tutto il mondo che sono impegnati nell'economia delle energie pulite. &nbsp; L’indice di spesa complessiva (TER) dell'ETF è pari allo 0,65% annuo . Il iShares Global Clean Energy Transition UCITS ETF USD (Acc) è l’ETF più economico che replica l'indice S&P Global Clean Energy Transition. L’ETF replica la performance dell’indice sottostante con replica fisica totale (acquistando tutti i componenti dello stesso). I dividendi dell'ETF sono accumulati e reinvestiti nell'ETF. &nbsp; L’ETF iShares Global Clean Energy Transition UCITS ETF USD (Acc) gestisce un patrimonio pari a 180 mln di Euro . L’ETF è stato lanciato il 23 febbraio 2022 ed ha domicilio fiscale in Irlanda . Mostra di più Mostra di meno S&amp;P Global Clean Energy Transition (2) Azioni (1654) Globale (523) Servizi di pubblica utilità (13) Energia pulita (20) Documenti Scheda informativa (IT) KID (IT) Prospetto (EN) Relazione annuale (EN) Relazione semestrale (EN) Mostra di più Grafico Notizie ed analisi sugli ETF La difesa dell'Europa &ndash; Dopo le “notizie di pace” Big tech ed energia nucleare &ndash; Ecco le mosse audaci che stanno compiendo Dal retail all’istituzionale: &ndash; L’ascesa del basis trading Ulteriori Notizie Articoli più popolari I migliori broker online per investire in ETF in Italia ETF: che cosa sono? Semplice spiegazione sugli ETF Come generare una rendita passiva con gli ETF da dividendo Nozioni di base Data Indice S&amp;P Global Clean Energy Transition",,2.262809,16.631187
2025-09-04T12:59:39,IE000U58J0M1,^GSPC,3mo,7.996398,36.174564,9.751144,-2.37505,0.65,VWCE,"S&P Global Clean Energy Transition. L'indice S&P Global Clean Energy Transition replica i 30 titoli azionari più grandi e liquidi di tutto il mondo che sono impegnati nell'economia delle energie pulite. &nbsp; L’indice di spesa complessiva (TER) dell'ETF è pari allo 0,65% annuo . Il iShares Global Clean Energy Transition UCITS ETF USD (Acc) è l’ETF più economico che replica l'indice S&P Global Clean Energy Transition. L’ETF replica la performance dell’indice sottostante con replica fisica totale (acquistando tutti i componenti dello stesso). I dividendi dell'ETF sono accumulati e reinvestiti nell'ETF. &nbsp; L’ETF iShares Global Clean Energy Transition UCITS ETF USD (Acc) gestisce un patrimonio pari a 180 mln di Euro . L’ETF è stato lanciato il 23 febbraio 2022 ed ha domicilio fiscale in Irlanda . Mostra di più Mostra di meno S&amp;P Global Clean Energy Transition (2) Azioni (1654) Globale (523) Servizi di pubblica utilità (13) Energia pulita (20) Documenti Scheda informativa (IT) KID (IT) Prospetto (EN) Relazione annuale (EN) Relazione semestrale (EN) Mostra di più Grafico Notizie ed analisi sugli ETF La difesa dell'Europa &ndash; Dopo le “notizie di pace” Big tech ed energia nucleare &ndash; Ecco le mosse audaci che stanno compiendo Dal retail all’istituzionale: &ndash; L’ascesa del basis trading Ulteriori Notizie Articoli più popolari I migliori broker online per investire in ETF in Italia ETF: che cosa sono? Semplice spiegazione sugli ETF Come generare una rendita passiva con gli ETF da dividendo Nozioni di base Data Indice S&amp;P Global Clean Energy Transition",,3.153894,15.231073
2025-09-04T12:59:39,IE000U58J0M1,^GSPC,6mo,11.597308,24.4836,23.381181,-14.717,0.65,VWCE,"S&P Global Clean Energy Transition. L'indice S&P Global Clean Energy Transition replica i 30 titoli azionari più grandi e liquidi di tutto il mondo che sono impegnati nell'economia delle energie pulite. &nbsp; L’indice di spesa complessiva (TER) dell'ETF è pari allo 0,65% annuo . Il iShares Global Clean Energy Transition UCITS ETF USD (Acc) è l’ETF più economico che replica l'indice S&P Global Clean Energy Transition. L’ETF replica la performance dell’indice sottostante con replica fisica totale (acquistando tutti i componenti dello stesso). I dividendi dell'ETF sono accumulati e reinvestiti nell'ETF. &nbsp; L’ETF iShares Global Clean Energy Transition UCITS ETF USD (Acc) gestisce un patrimonio pari a 180 mln di Euro . L’ETF è stato lanciato il 23 febbraio 2022 ed ha domicilio fiscale in Irlanda . Mostra di più Mostra di meno S&amp;P Global Clean Energy Transition (2) Azioni (1654) Globale (523) Servizi di pubblica utilità (13) Energia pulita (20) Documenti Scheda informativa (IT) KID (IT) Prospetto (EN) Relazione annuale (EN) Relazione semestrale (EN) Mostra di più Grafico Notizie ed analisi sugli ETF La difesa dell'Europa &ndash; Dopo le “notizie di pace” Big tech ed energia nucleare &ndash; Ecco le mosse audaci che stanno compiendo Dal retail all’istituzionale: &ndash; L’ascesa del basis trading Ulteriori Notizie Articoli più popolari I migliori broker online per investire in ETF in Italia ETF: che cosa sono? Semplice spiegazione sugli ETF Come generare una rendita passiva con gli ETF da dividendo Nozioni di base Data Indice S&amp;P Global Clean Energy Transition",,1.011014,1.663627
2025-09-04T12:59:39,IE000U58J0M1,^GSPC,1y,16.814822,16.877186,18.951983,-18.902206,0.65,VWCE,"S&P Global Clean Energy Transition. L'indice S&P Global Clean Energy Transition replica i 30 titoli azionari più grandi e liquidi di tutto il mondo che sono impegnati nell'economia delle energie pulite. &nbsp; L’indice di spesa complessiva (TER) dell'ETF è pari allo 0,65% annuo . Il iShares Global Clean Energy Transition UCITS ETF USD (Acc) è l’ETF più economico che replica l'indice S&P Global Clean Energy Transition. L’ETF replica la performance dell’indice sottostante con replica fisica totale (acquistando tutti i componenti dello stesso). I dividendi dell'ETF sono accumulati e reinvestiti nell'ETF. &nbsp; L’ETF iShares Global Clean Energy Transition UCITS ETF USD (Acc) gestisce un patrimonio pari a 180 mln di Euro . L’ETF è stato lanciato il 23 febbraio 2022 ed ha domicilio fiscale in Irlanda . Mostra di più Mostra di meno S&amp;P Global Clean Energy Transition (2) Azioni (1654) Globale (523) Servizi di pubblica utilità (13) Energia pulita (20) Documenti Scheda informativa (IT) KID (IT) Prospetto (EN) Relazione annuale (EN) Relazione semestrale (EN) Mostra di più Grafico Notizie ed analisi sugli ETF La difesa dell'Europa &ndash; Dopo le “notizie di pace” Big tech ed energia nucleare &ndash; Ecco le mosse audaci che stanno compiendo Dal retail all’istituzionale: &ndash; L’ascesa del basis trading Ulteriori Notizie Articoli più popolari I migliori broker online per investire in ETF in Italia ETF: che cosa sono? Semplice spiegazione sugli ETF Come generare una rendita passiva con gli ETF da dividendo Nozioni di base Data Indice S&amp;P Global Clean Energy Transition",,0.871115,0.892869
2025-09-04T12:59:39,IE000U58J0M1,^GSPC,3y,64.99351,18.21466,16.780995,-18.902206,0.65,VWCE,"S&P Global Clean Energy Transition. L'indice S&P Global Clean Energy Transition replica i 30 titoli azionari più grandi e liquidi di tutto il mondo che sono impegnati nell'economia delle energie pulite. &nbsp; L’indice di spesa complessiva (TER) dell'ETF è pari allo 0,65% annuo . Il iShares Global Clean Energy Transition UCITS ETF USD (Acc) è l’ETF più economico che replica l'indice S&P Global Clean Energy Transition. L’ETF replica la performance dell’indice sottostante con replica fisica totale (acquistando tutti i componenti dello stesso). I dividendi dell'ETF sono accumulati e reinvestiti nell'ETF. &nbsp; L’ETF iShares Global Clean Energy Transition UCITS ETF USD (Acc) gestisce un patrimonio pari a 180 mln di Euro . L’ETF è stato lanciato il 23 febbraio 2022 ed ha domicilio fiscale in Irlanda . Mostra di più Mostra di meno S&amp;P Global Clean Energy Transition (2) Azioni (1654) Globale (523) Servizi di pubblica utilità (13) Energia pulita (20) Documenti Scheda informativa (IT) KID (IT) Prospetto (EN) Relazione annuale (EN) Relazione semestrale (EN) Mostra di più Grafico Notizie ed analisi sugli ETF La difesa dell'Europa &ndash; Dopo le “notizie di pace” Big tech ed energia nucleare &ndash; Ecco le mosse audaci che stanno compiendo Dal retail all’istituzionale: &ndash; L’ascesa del basis trading Ulteriori Notizie Articoli più popolari I migliori broker online per investire in ETF in Italia ETF: che cosa sono? Semplice spiegazione sugli ETF Come generare una rendita passiva con gli ETF da dividendo Nozioni di base Data Indice S&amp;P Global Clean Energy Transition",,1.026805,0.963626
2025-09-04T12:59:39,IE000U58J0M1,^GSPC,5y,88.162682,13.486527,17.314452,-25.425097,0.65,VWCE,"S&P Global Clean Energy Transition. L'indice S&P Global Clean Energy Transition replica i 30 titoli azionari più grandi e liquidi di tutto il mondo che sono impegnati nell'economia delle energie pulite. &nbsp; L’indice di spesa complessiva (TER) dell'ETF è pari allo 0,65% annuo . Il iShares Global Clean Energy Transition UCITS ETF USD (Acc) è l’ETF più economico che replica l'indice S&P Global Clean Energy Transition. L’ETF replica la performance dell’indice sottostante con replica fisica totale (acquistando tutti i componenti dello stesso). I dividendi dell'ETF sono accumulati e reinvestiti nell'ETF. &nbsp; L’ETF iShares Global Clean Energy Transition UCITS ETF USD (Acc) gestisce un patrimonio pari a 180 mln di Euro . L’ETF è stato lanciato il 23 febbraio 2022 ed ha domicilio fiscale in Irlanda . Mostra di più Mostra di meno S&amp;P Global Clean Energy Transition (2) Azioni (1654) Globale (523) Servizi di pubblica utilità (13) Energia pulita (20) Documenti Scheda informativa (IT) KID (IT) Prospetto (EN) Relazione annuale (EN) Relazione semestrale (EN) Mostra di più Grafico Notizie ed analisi sugli ETF La difesa dell'Europa &ndash; Dopo le “notizie di pace” Big tech ed energia nucleare &ndash; Ecco le mosse audaci che stanno compiendo Dal retail all’istituzionale: &ndash; L’ascesa del basis trading Ulteriori Notizie Articoli più popolari I migliori broker online per investire in ETF in Italia ETF: che cosa sono? Semplice spiegazione sugli ETF Come generare una rendita passiva con gli ETF da dividendo Nozioni di base Data Indice S&amp;P Global Clean Energy Transition",,0.763124,0.530442
2025-09-04T12:59:39,IE000U58J0M1,^GSPC,10y,235.633601,12.873955,18.243914,-33.92496,0.65,VWCE,"S&P Global Clean Energy Transition. L'indice S&P Global Clean Energy Transition replica i 30 titoli azionari più grandi e liquidi di tutto il mondo che sono impegnati nell'economia delle energie pulite. &nbsp; L’indice di spesa complessiva (TER) dell'ETF è pari allo 0,65% annuo . Il iShares Global Clean Energy Transition UCITS ETF USD (Acc) è l’ETF più economico che replica l'indice S&P Global Clean Energy Transition. L’ETF replica la performance dell’indice sottostante con replica fisica totale (acquistando tutti i componenti dello stesso). I dividendi dell'ETF sono accumulati e reinvestiti nell'ETF. &nbsp; L’ETF iShares Global Clean Energy Transition UCITS ETF USD (Acc) gestisce un patrimonio pari a 180 mln di Euro . L’ETF è stato lanciato il 23 febbraio 2022 ed ha domicilio fiscale in Irlanda . Mostra di più Mostra di meno S&amp;P Global Clean Energy Transition (2) Azioni (1654) Globale (523) Servizi di pubblica utilità (13) Energia pulita (20) Documenti Scheda informativa (IT) KID (IT) Prospetto (EN) Relazione annuale (EN) Relazione semestrale (EN) Mostra di più Grafico Notizie ed analisi sugli ETF La difesa dell'Europa &ndash; Dopo le “notizie di pace” Big tech ed energia nucleare &ndash; Ecco le mosse audaci che stanno compiendo Dal retail all’istituzionale: &ndash; L’ascesa del basis trading Ulteriori Notizie Articoli più popolari I migliori broker online per investire in ETF in Italia ETF: che cosa sono? Semplice spiegazione sugli ETF Come generare una rendita passiva con gli ETF da dividendo Nozioni di base Data Indice S&amp;P Global Clean Energy Transition",,0.702658,0.379483
2025-09-04T12:59:39,IE000U58J0M1,^GSPC,ytd,9.878249,15.14414,21.549316,-18.902206,0.65,VWCE,"S&P Global Clean Energy Transition. L'indice S&P Global Clean Energy Transition replica i 30 titoli azionari più grandi e liquidi di tutto il mondo che sono impegnati nell'economia delle energie pulite. &nbsp; L’indice di spesa complessiva (TER) dell'ETF è pari allo 0,65% annuo . Il iShares Global Clean Energy Transition UCITS ETF USD (Acc) è l’ETF più economico che replica l'indice S&P Global Clean Energy Transition. L’ETF replica la performance dell’indice sottostante con replica fisica totale (acquistando tutti i componenti dello stesso). I dividendi dell'ETF sono accumulati e reinvestiti nell'ETF. &nbsp; L’ETF iShares Global Clean Energy Transition UCITS ETF USD (Acc) gestisce un patrimonio pari a 180 mln di Euro . L’ETF è stato lanciato il 23 febbraio 2022 ed ha domicilio fiscale in Irlanda . Mostra di più Mostra di meno S&amp;P Global Clean Energy Transition (2) Azioni (1654) Globale (523) Servizi di pubblica utilità (13) Energia pulita (20) Documenti Scheda informativa (IT) KID (IT) Prospetto (EN) Relazione annuale (EN) Relazione semestrale (EN) Mostra di più Grafico Notizie ed analisi sugli ETF La difesa dell'Europa &ndash; Dopo le “notizie di pace” Big tech ed energia nucleare &ndash; Ecco le mosse audaci che stanno compiendo Dal retail all’istituzionale: &ndash; L’ascesa del basis trading Ulteriori Notizie Articoli più popolari I migliori broker online per investire in ETF in Italia ETF: che cosa sono? Semplice spiegazione sugli ETF Come generare una rendita passiva con gli ETF da dividendo Nozioni di base Data Indice S&amp;P Global Clean Energy Transition",,0.723522,0.801184
2025-09-04T12:59:39,IE000U58J0M1,^GSPC,max,36413.362522,6.226674,18.959923,-86.189579,0.65,VWCE,"S&P Global Clean Energy Transition. L'indice S&P Global Clean Energy Transition replica i 30 titoli azionari più grandi e liquidi di tutto il mondo che sono impegnati nell'economia delle energie pulite. &nbsp; L’indice di spesa complessiva (TER) dell'ETF è pari allo 0,65% annuo . Il iShares Global Clean Energy Transition UCITS ETF USD (Acc) è l’ETF più economico che replica l'indice S&P Global Clean Energy Transition. L’ETF replica la performance dell’indice sottostante con replica fisica totale (acquistando tutti i componenti dello stesso). I dividendi dell'ETF sono accumulati e reinvestiti nell'ETF. &nbsp; L’ETF iShares Global Clean Energy Transition UCITS ETF USD (Acc) gestisce un patrimonio pari a 180 mln di Euro . L’ETF è stato lanciato il 23 febbraio 2022 ed ha domicilio fiscale in Irlanda . Mostra di più Mostra di meno S&amp;P Global Clean Energy Transition (2) Azioni (1654) Globale (523) Servizi di pubblica utilità (13) Energia pulita (20) Documenti Scheda informativa (IT) KID (IT) Prospetto (EN) Relazione annuale (EN) Relazione semestrale (EN) Mostra di più Grafico Notizie ed analisi sugli ETF La difesa dell'Europa &ndash; Dopo le “notizie di pace” Big tech ed energia nucleare &ndash; Ecco le mosse audaci che stanno compiendo Dal retail all’istituzionale: &ndash; L’ascesa del basis trading Ulteriori Notizie Articoli più popolari I migliori broker online per investire in ETF in Italia ETF: che cosa sono? Semplice spiegazione sugli ETF Come generare una rendita passiva con gli ETF da dividendo Nozioni di base Data Indice S&amp;P Global Clean Energy Transition",,0.361938,0.072244
2025-09-05T09:45:23,IE0000902GT6,WMGT.DE,1d,,,,,0.5,ACWI,MSCI ACWI,,,
2025-09-05T09:45:23,IE0000902GT6,WMGT.DE,5d,-0.243097,-19.928318,25.160387,-1.701684,0.5,ACWI,MSCI ACWI,-1.147301,-0.828146,-11.710942
2025-09-05T09:45:23,IE0000902GT6,WMGT.DE,1mo,3.625545,52.136758,16.182661,-2.198195,0.5,ACWI,MSCI ACWI,-1.078883,3.5134,23.717988
2025-09-05T09:45:23,IE0000902GT6,WMGT.DE,3mo,6.074596,26.380474,18.856298,-4.010552,0.5,ACWI,MSCI ACWI,-3.63704,1.771901,6.577766
2025-09-05T09:45:23,IE0000902GT6,WMGT.DE,6mo,9.595579,19.947539,29.668624,-19.670578,0.5,ACWI,MSCI ACWI,-3.97147,0.989377,1.01408
2025-09-05T09:45:23,IE0000902GT6,WMGT.DE,1y,23.548389,23.566284,28.168875,-30.328408,0.5,ACWI,MSCI ACWI,2.554773,1.189955,0.777037
2025-09-05T09:45:23,IE0000902GT6,WMGT.DE,3y,21.510157,11.878248,27.000922,-30.328408,0.5,ACWI,MSCI ACWI,-20.201857,0.699066,0.391654
2025-09-05T09:45:23,IE0000902GT6,WMGT.DE,5y,21.510157,11.878248,27.000922,-30.328408,0.5,ACWI,MSCI ACWI,-20.201857,0.699066,0.391654
2025-09-05T09:45:23,IE0000902GT6,WMGT.DE,10y,21.510157,11.878248,27.000922,-30.328408,0.5,ACWI,MSCI ACWI,-20.201846,0.699066,0.391654
2025-09-05T09:45:23,IE0000902GT6,WMGT.DE,ytd,2.278801,3.402079,29.769707,-30.328408,0.5,ACWI,MSCI ACWI,-14.322425,0.275464,0.112175
2025-09-05T09:45:23,IE0000902GT6,WMGT.DE,max,21.510157,11.878248,27.000922,-30.328408,0.5,ACWI,MSCI ACWI,-20.201846,0.699066,0.391654
2025-09-05T14:26:47,IE00BDDRF700,ITEK.L,1d,,,,,,,MSCI ACWI,,,
2025-09-05T14:26:47,IE00BDDRF700,ITEK.L,5d,-0.792051,-51.621824,22.580106,,,,MSCI ACWI,-1.387258,-3.171994,-31.599433
2025-09-05T14:26:47,IE00BDDRF700,ITEK.L,1mo,4.430714,66.663021,17.484844,,,,MSCI ACWI,0.355553,2.950165,27.380627
2025-09-05T14:26:47,IE00BDDRF700,ITEK.L,3mo,11.594127,54.575727,16.42129,,,,MSCI ACWI,2.4868,2.674185,9.139273
2025-09-05T14:26:47,IE00BDDRF700,ITEK.L,6mo,19.226727,41.777002,26.101226,,,,MSCI ACWI,6.25072,1.429803,2.091347
2025-09-05T14:26:47,IE00BDDRF700,ITEK.L,1y,33.898746,33.925521,25.722348,,,,MSCI ACWI,13.575721,1.226095,1.20696
2025-09-05T14:26:47,IE00BDDRF700,ITEK.L,3y,70.986975,19.573965,25.837718,,,,MSCI ACWI,3.892246,0.782605,0.696378
2025-09-05T14:26:47,IE00BDDRF700,ITEK.L,5y,48.509752,8.241392,27.418461,,,,MSCI ACWI,-35.724371,0.389946,0.152207
2025-09-05T14:26:47,IE00BDDRF700,ITEK.L,10y,116.495485,11.811232,26.841546,,,,MSCI ACWI,5.660836,0.513556,0.218138
2025-09-05T14:26:47,IE00BDDRF700,ITEK.L,ytd,15.114619,23.243451,27.436963,,,,MSCI ACWI,-0.967663,0.862708,0.842676
2025-09-05T14:26:47,IE00BDDRF700,ITEK.L,max,116.495485,11.811232,26.841546,,,,MSCI ACWI,5.660786,0.513556,0.218138
2025-09-05T14:34:33,IE00BK5BQT80,VWCE.MI,1d,,,,,0.22,VWRA.L,FTSE All-World Index,,,
2025-09-05T14:34:33,IE00BK5BQT80,VWCE.MI,5d,0.515044,59.854364,15.314117,-1.022735,0.22,VWRA.L,FTSE All-World Index,0.011961,3.057404,58.523816
2025-09-05T14:34:33,IE00BK5BQT80,VWCE.MI,1mo,2.467742,33.272549,7.271596,-1.702595,0.22,VWRA.L,FTSE All-World Index,-1.082868,3.849398,19.542253
2025-09-05T14:34:33,IE00BK5BQT80,VWCE.MI,3mo,5.335799,22.921869,10.530373,-2.81193,0.22,VWRA.L,FTSE All-World Index,-2.330601,1.917736,8.151649
2025-09-05T14:34:33,IE00BK5BQT80,VWCE.MI,6mo,4.858767,9.875672,19.619815,-15.306903,0.22,VWRA.L,FTSE All-World Index,-9.103013,0.527105,0.645178
2025-09-05T14:34:33,IE00BK5BQT80,VWCE.MI,1y,13.444613,13.454415,16.296927,-20.962783,0.22,VWRA.L,FTSE All-World Index,-6.360496,0.794982,0.641824
2025-09-05T14:34:33,IE00BK5BQT80,VWCE.MI,3y,40.588662,12.022566,13.367,-20.962783,0.22,VWRA.L,FTSE All-World Index,-25.268546,0.841745,0.57352
2025-09-05T14:34:33,IE00BK5BQT80,VWCE.MI,5y,82.001073,12.740239,14.059185,-20.962783,0.22,VWRA.L,FTSE All-World Index,1.881608,0.852469,0.607755
2025-09-05T14:34:33,IE00BK5BQT80,VWCE.MI,10y,73.759852,10.286865,16.638162,-32.931144,0.22,VWRA.L,FTSE All-World Index,-8.849852,0.612089,0.312375
2025-09-05T14:34:33,IE00BK5BQT80,VWCE.MI,ytd,0.886195,1.318606,18.364563,-20.962783,0.22,VWRA.L,FTSE All-World Index,-14.241307,0.108743,0.062902
2025-09-05T14:34:33,IE00BK5BQT80,VWCE.MI,max,73.759852,10.286865,16.638162,-32.931144,0.22,VWRA.L,FTSE All-World Index,-8.849852,0.612089,0.312375
